,exp,model,N_train,M,hidden_size,optimizer,mse,nll,config,init,outlier,time
0,,GP,500,,nan,,0.00428792268559,-1.30565056291,,default,,1.553539
0,,GP,750,,nan,,0.00439517645638,-1.29853209401,,default,,4.871018
0,,SGP,500,50,nan,,0.0336934003168,-0.242400362615,,default,,3.496955
0,,GP,1000,,nan,,0.0040586108791,-1.33953010814,,default,,9.380651
0,,SGP,750,50,nan,,0.0480942782382,-0.260971447246,,default,,2.986039
0,,SGP,1000,50,nan,,0.0263428771515,-0.323561892558,,default,,2.455797
0,,GP,1250,,nan,,0.00399683404126,-1.3473560981,,default,,20.497874
0,,SGP,1250,50,nan,,0.0295917474491,-0.298646707737,,default,,17.746036
