,exp,model,N_train,M,hidden_size,optimizer,mse,nll,config,init,outlier,time
0,,GP,500,,nan,,0.00527802110467,-1.23433858539,,default,,2.258229
0,,GP,750,,nan,,0.00438644445991,-1.28761057459,,default,,4.097593
0,,SGP,500,50,nan,,0.0368079289138,-0.0855273469217,,default,,1.960393
0,,SGP,750,50,nan,,0.044148264365,-0.0542772733903,,default,,2.081794
0,,GP,1000,,nan,,0.00390685561771,-1.34891768813,,default,,8.896944
0,,SGP,1000,50,nan,,0.0125952595093,-0.379576644858,,default,,4.982604
0,,GP,1250,,nan,,0.00402670675894,-1.33435536469,,default,,17.262676
0,,SGP,1250,50,nan,,0.0343861623626,-0.113314210266,,default,,6.672835
