,exp,model,N_train,M,hidden_size,optimizer,mse,nll,config,init,outlier,time
0,,GP,500,,nan,,0.00576861725154,-1.12553459085,,default,,2.057499
0,,SGP,500,50,nan,,0.112471294542,0.37186430439,,default,,1.52453
0,,GP,750,,nan,,0.00420688527616,-1.31415263794,,default,,6.126336
0,,GP,1000,,nan,,0.00399788748379,-1.3355727932,,default,,11.072883
0,,SGP,750,50,nan,,0.047543314453,0.0999555160467,,default,,3.306278
0,,SGP,1000,50,nan,,0.0399745107703,0.0145065745408,,default,,4.022739
0,,GP,1250,,nan,,0.00379838798402,-1.34494978463,,default,,22.203319
0,,SGP,1250,50,nan,,0.0484077243264,0.00645031384346,,default,,5.797797
