,exp,model,N_train,M,hidden_size,optimizer,mse,nll,config,init,outlier,time
0,,GP,500,,nan,,0.00556069184827,-1.31630462937,,default,,1.42156
0,,SGP,500,50,nan,,0.0760734379453,0.134887338411,,default,,1.571335
0,,GP,750,,nan,,0.00329870180875,-1.46049596877,,default,,5.67229
0,,GP,1000,,nan,,0.0028370753741,-1.51605769774,,default,,10.028991
0,,SGP,750,50,nan,,0.0440691230107,0.0358484553352,,default,,2.697734
0,,SGP,1000,50,nan,,0.0733244556308,0.154881668188,,default,,5.681749
0,,GP,1250,,nan,,0.00271363046997,-1.53601940186,,default,,21.354129
0,,SGP,1250,50,nan,,0.0301406395748,-0.140175704812,,default,,3.909955
