,exp,model,N_train,M,hidden_size,optimizer,mse,nll,config,init,outlier,time
0,,GP,500,,nan,,0.00674954836169,-1.07742991941,,default,,1.604991
0,,GP,750,,nan,,0.00620736181984,-1.12824737237,,default,,4.552139
0,,SGP,500,50,nan,,0.0247387710806,-0.510870864887,,default,,1.98081
0,,GP,1000,,nan,,0.00614677761229,-1.12922473391,,default,,9.849881
0,,SGP,750,50,nan,,0.0176347157595,-0.557033852725,,default,,2.798118
0,,SGP,1000,50,nan,,0.0114929028995,-0.686435239607,,default,,3.761815
0,,GP,1250,,nan,,0.00558319240124,-1.17301716253,,default,,17.265987
0,,SGP,1250,50,nan,,0.010445583508,-0.758782970092,,default,,4.030221
