,exp,model,N_train,M,hidden_size,optimizer,mse,nll,config,init,outlier,time
0,,DGP,750,50,[2],adam_Mxit1500,0.200359563497,0.618958732525,0.426,True,,4624.313179
0,,DGP,1000,50,[2],adam_Mxit1500,0.176418010764,0.352913853274,0.312,True,,4895.983083
0,,DGP,500,50,[2],adam_Mxit1500,0.14262364865,0.483505595409,0.366,True,,4841.726238
0,,DGP,1250,50,[2],adam_Mxit1500,0.232224487264,0.663598531214,0.455,True,,4802.694645
