,exp,model,N_train,M,hidden_size,optimizer,mse,nll,config,init,outlier,time
0,,DGP,750,50,[2],adam_Mxit1500,0.227520576998,0.569772687941,0.405,True,,4759.538834
0,,DGP,1000,50,[2],adam_Mxit1500,0.200998287311,0.528827033551,0.376,True,,4952.867807
0,,DGP,500,50,[2],adam_Mxit1500,0.0981609734722,0.0353380589873,0.212,True,,4981.78552
0,,DGP,1250,50,[2],adam_Mxit1500,0.247993725444,0.59224567794,0.408,True,,5086.438059
