,exp,model,N_train,M,hidden_size,optimizer,mse,nll,config,init,outlier,time
0,,DGP,750,50,[2],adam_Mxit1500,0.138495083662,0.253718146826,0.281,True,,4553.992848
0,,DGP,1250,50,[2],adam_Mxit1500,0.188062783176,0.27143974209,0.288,True,,4830.399709
0,,DGP,1000,50,[2],adam_Mxit1500,0.0794448003204,-0.068479890923,0.204,True,,4939.408186
0,,DGP,500,50,[2],adam_Mxit1500,0.109036245978,0.00205867783275,0.194,True,,4868.81858
