,exp,model,N_train,M,hidden_size,optimizer,mse,nll,config,init,outlier,time
0,,GP,750,,nan,,0.00465433431711,-1.24885728762,,,,49.391838
0,,GP,1000,,nan,,0.00388944301412,-1.32841545138,,,,58.762477
0,,SGP,750,50,nan,,0.0704199322183,0.145313729648,,,,121.94516
0,,SGP,1000,50,nan,,0.048596955646,0.0708899950427,,,,168.780424
